Timestamp,Scenario,Primary Code,Related Codes
2026-10-01T00:00:35.220392-04:00,redo_corruption,ORA-00353,ORA-00312
2026-10-01T02:38:00.536265-04:00,temp_full,ORA-01652,
2026-10-01T02:39:02.167561-04:00,temp_full,ORA-01652,
2026-10-01T02:44:11.624638-04:00,temp_full,ORA-01652,
2026-10-01T03:06:41.201158-04:00,snapshot_too_old,ORA-01555,
2026-10-01T07:26:49.845742-04:00,standby_network,ORA-12514,
2026-10-01T08:30:07.202511-04:00,tablespace_full_lob,ORA-01691,
2026-10-01T08:35:30.893885-04:00,tablespace_full_lob,ORA-01691,
2026-10-01T08:37:16.173447-04:00,tablespace_full_lob,ORA-01691,
2026-10-01T08:45:19.895717-04:00,tablespace_full_lob,ORA-01691,
2026-10-01T08:57:07.089220-04:00,tablespace_full_lob,ORA-01691,
2026-10-01T09:08:27.558139-04:00,tablespace_full_lob,ORA-01691,
2026-10-01T10:17:56.279766-04:00,client_disconnect,ORA-00609,
2026-10-01T10:36:26.496171-04:00,media_recovery_needed,ORA-01113,ORA-01110
2026-10-01T12:08:17.540490-04:00,logon_storm,ORA-00018,
2026-10-01T15:07:27.924231-04:00,client_disconnect,ORA-00609,
2026-10-01T15:13:58.976031-04:00,client_disconnect,ORA-00609,
2026-10-01T16:46:57.025990-04:00,client_disconnect,ORA-00609,
2026-10-01T18:14:52.841204-04:00,client_disconnect,ORA-00609,
2026-10-02T01:54:05.585181-04:00,recovery_area_full,ORA-19809,ORA-19804
2026-10-02T01:58:28.718901-04:00,recovery_area_full,ORA-16038,ORA-19809 ORA-00312
2026-10-02T01:59:06.542841-04:00,recovery_area_full,ORA-00257,
2026-10-02T02:06:55.443816-04:00,recovery_area_full,ORA-16038,ORA-19809 ORA-00312
2026-10-02T02:15:51.863487-04:00,recovery_area_full,ORA-16038,ORA-19809 ORA-00312
2026-10-02T02:16:00.319312-04:00,recovery_area_full,ORA-00257,
2026-10-02T02:19:28.067147-04:00,recovery_area_full,ORA-16038,ORA-19809 ORA-00312
2026-10-02T02:19:45.959869-04:00,recovery_area_full,ORA-00257,
2026-10-02T02:22:56.746363-04:00,recovery_area_full,ORA-16038,ORA-19809 ORA-00312
2026-10-02T02:23:05.497652-04:00,recovery_area_full,ORA-00257,
2026-10-02T02:28:24.284031-04:00,recovery_area_full,ORA-16038,ORA-19809 ORA-00312
2026-10-02T02:28:46.803893-04:00,recovery_area_full,ORA-00257,
2026-10-02T02:33:07.575385-04:00,recovery_area_full,ORA-16038,ORA-19809 ORA-00312
2026-10-02T02:38:51.450986-04:00,recovery_area_full,ORA-16038,ORA-19809 ORA-00312
2026-10-02T02:39:12.559894-04:00,recovery_area_full,ORA-00257,
2026-10-02T02:45:36.444394-04:00,recovery_area_full,ORA-16038,ORA-19809 ORA-00312
2026-10-02T02:49:47.086362-04:00,recovery_area_full,ORA-16038,ORA-19809 ORA-00312
2026-10-02T02:50:33.918549-04:00,recovery_area_full,ORA-00257,
2026-10-02T02:54:22.742845-04:00,recovery_area_full,ORA-16038,ORA-19809 ORA-00312
2026-10-02T02:54:37.916254-04:00,recovery_area_full,ORA-00257,
2026-10-02T03:17:13.628492-04:00,temp_full,ORA-01652,
2026-10-02T03:19:26.787707-04:00,temp_full,ORA-01652,
2026-10-02T03:20:01.147081-04:00,temp_full,ORA-01652,
2026-10-02T03:22:27.588777-04:00,temp_full,ORA-01652,
2026-10-02T07:30:00.298151-04:00,client_disconnect,ORA-00609,
2026-10-02T07:37:58.495951-04:00,standby_network,ORA-12537,
2026-10-02T08:24:34.789359-04:00,client_disconnect,ORA-00609,
2026-10-02T09:11:14.897594-04:00,standby_network,ORA-12537,
2026-10-02T10:09:42.566211-04:00,tablespace_full_table,ORA-01653,
2026-10-02T10:16:08.531931-04:00,tablespace_full_table,ORA-01653,
2026-10-02T10:17:34.983176-04:00,tablespace_full_table,ORA-01653,
2026-10-02T10:22:06.972328-04:00,tablespace_full_table,ORA-01653,
2026-10-02T10:24:08.097519-04:00,tablespace_full_table,ORA-01653,
2026-10-02T10:34:36.159060-04:00,tablespace_full_table,ORA-01653,
2026-10-02T10:35:49.715412-04:00,tablespace_full_table,ORA-01653,
2026-10-02T10:39:47.531544-04:00,tablespace_full_table,ORA-01653,
2026-10-02T10:49:06.412968-04:00,tablespace_full_table,ORA-01653,
2026-10-02T10:57:16.055363-04:00,tablespace_full_table,ORA-01653,
2026-10-02T11:09:14.514691-04:00,tablespace_full_table,ORA-01653,
2026-10-02T11:19:11.743576-04:00,tablespace_full_table,ORA-01653,
2026-10-02T11:24:01.241685-04:00,tablespace_full_table,ORA-01653,
2026-10-02T11:32:23.538972-04:00,tablespace_full_table,ORA-01653,
2026-10-02T11:37:55.181125-04:00,tablespace_full_table,ORA-01653,
2026-10-02T11:46:13.037127-04:00,tablespace_full_table,ORA-01653,
2026-10-02T11:55:34.590810-04:00,tablespace_full_table,ORA-01653,
2026-10-02T11:57:32.572332-04:00,tablespace_full_table,ORA-01653,
2026-10-02T11:59:49.648536-04:00,tablespace_full_table,ORA-01653,
2026-10-02T12:36:37.097736-04:00,tablespace_full_index,ORA-01654,
2026-10-02T12:40:05.786298-04:00,tablespace_full_index,ORA-01654,
2026-10-02T12:51:31.235090-04:00,tablespace_full_index,ORA-01654,
2026-10-02T12:57:57.379353-04:00,tablespace_full_table,ORA-01653,
2026-10-02T13:05:48.594144-04:00,tablespace_full_table,ORA-01653,
2026-10-02T13:11:39.898833-04:00,tablespace_full_table,ORA-01653,
2026-10-02T13:15:36.915239-04:00,tablespace_full_table,ORA-01653,
2026-10-02T14:08:25.277896-04:00,deadlock,ORA-00060,
2026-10-02T19:43:21.605050-04:00,internal_error,ORA-00600,
2026-10-02T21:50:29.016093-04:00,standby_network,ORA-03113,
2026-10-02T23:09:31.348121-04:00,standby_network,ORA-12170,
2026-10-02T23:42:43.830884-04:00,standby_network,ORA-12537,
2026-10-03T00:22:42.000000-04:00,instance_crash,ORA-00471,
2026-10-03T05:29:50.162029-04:00,tablespace_full_partition,ORA-01688,
2026-10-03T05:40:34.476928-04:00,tablespace_full_partition,ORA-01688,
2026-10-03T05:50:45.038472-04:00,tablespace_full_partition,ORA-01688,
2026-10-03T06:02:04.419861-04:00,tablespace_full_partition,ORA-01688,
2026-10-03T06:10:40.435714-04:00,tablespace_full_partition,ORA-01688,
2026-10-03T06:16:34.367065-04:00,tablespace_full_partition,ORA-01688,
2026-10-03T06:21:33.228025-04:00,tablespace_full_partition,ORA-01688,
2026-10-03T06:28:32.566411-04:00,tablespace_full_partition,ORA-01688,
2026-10-03T06:30:12.352402-04:00,tablespace_full_partition,ORA-01688,
2026-10-03T06:41:51.266038-04:00,tablespace_full_partition,ORA-01688,
2026-10-03T07:29:50.267271-04:00,standby_network,ORA-12170,
2026-10-03T10:29:54.416716-04:00,client_disconnect,ORA-00609,
2026-10-03T10:36:02.583397-04:00,deadlock,ORA-00060,
2026-10-03T12:33:08.759396-04:00,client_disconnect,ORA-00609,
2026-10-03T12:40:53.826952-04:00,shared_pool_exhausted,ORA-04031,
2026-10-03T12:42:19.566456-04:00,shared_pool_exhausted,ORA-04031,
2026-10-03T15:51:31.828358-04:00,block_corruption,ORA-01578,ORA-01110
2026-10-03T19:57:15.097758-04:00,standby_network,ORA-12514,
2026-10-03T21:48:58.146566-04:00,internal_error,ORA-00600,
2026-10-03T23:53:32.563658-04:00,internal_error,ORA-07445,
2026-10-04T04:53:21.088425-04:00,undo_full,ORA-30036,
2026-10-04T08:07:02.661532-04:00,io_error,ORA-27072,ORA-01110
2026-10-04T10:35:09.232335-04:00,client_disconnect,ORA-00609,
2026-10-04T10:46:00.082467-04:00,client_disconnect,ORA-00609,
2026-10-04T11:30:14.892931-04:00,logon_storm,ORA-00020,
2026-10-04T11:33:13.131905-04:00,logon_storm,ORA-00020,
2026-10-04T11:36:00.825359-04:00,logon_storm,ORA-00020,
2026-10-04T11:38:01.283895-04:00,logon_storm,ORA-00020,
2026-10-04T11:41:01.084306-04:00,logon_storm,ORA-00020,
2026-10-04T11:43:03.778692-04:00,logon_storm,ORA-00020,
2026-10-04T11:46:09.228160-04:00,logon_storm,ORA-00020,
2026-10-04T13:40:10.419902-04:00,client_disconnect,ORA-00609,
2026-10-05T01:13:08.954951-04:00,temp_full,ORA-01652,
2026-10-05T01:17:33.288915-04:00,temp_full,ORA-01652,
2026-10-05T07:39:20.128473-04:00,datafile_missing,ORA-01157,ORA-01110 ORA-27037
2026-10-05T09:09:11.412344-04:00,deadlock,ORA-00060,
2026-10-05T09:12:56.645270-04:00,standby_network,ORA-12537,
2026-10-05T10:26:18.894253-04:00,client_disconnect,ORA-00609,
2026-10-05T12:36:41.332427-04:00,internal_error,ORA-07445,
2026-10-05T14:02:26.466732-04:00,client_disconnect,ORA-00609,
2026-10-05T18:18:26.522469-04:00,standby_network,ORA-12170,
2026-10-05T22:24:02.756157-04:00,standby_network,ORA-12170,
2026-10-05T22:34:20.000000-04:00,instance_crash,ORA-00470,
2026-10-06T00:49:54.070559-04:00,job_failure,ORA-12012,ORA-01013 ORA-06512
2026-10-06T01:55:30.685280-04:00,redo_member_missing,ORA-00312,ORA-27037
2026-10-06T02:25:02.803028-04:00,snapshot_too_old,ORA-01555,
2026-10-06T03:03:18.003642-04:00,media_recovery_needed,ORA-01113,ORA-01110
2026-10-06T05:30:34.483000-04:00,standby_network,ORA-12514,
2026-10-06T10:02:43.229021-04:00,client_disconnect,ORA-00609,
2026-10-06T16:31:20.696353-04:00,client_disconnect,ORA-00609,
2026-10-07T00:40:33.642439-04:00,job_failure,ORA-12012,ORA-01013 ORA-06512
2026-10-07T01:46:27.626979-04:00,standby_network,ORA-03113,
2026-10-07T03:14:39.958819-04:00,job_failure,ORA-12012,ORA-01013 ORA-06512
2026-10-07T04:41:28.000000-04:00,instance_crash,ORA-00474,
2026-10-07T07:11:27.378666-04:00,process_memory,ORA-04030,
2026-10-07T15:19:22.406637-04:00,tablespace_full_index,ORA-01654,
2026-10-07T15:28:57.196519-04:00,tablespace_full_index,ORA-01654,
2026-10-08T01:28:55.757524-04:00,snapshot_too_old,ORA-01555,
2026-10-08T10:33:25.724016-04:00,deadlock,ORA-00060,
2026-10-09T02:56:47.154887-04:00,snapshot_too_old,ORA-01555,
2026-10-09T04:43:42.804092-04:00,temp_full,ORA-01652,
2026-10-09T04:46:49.921076-04:00,temp_full,ORA-01652,
2026-10-09T04:48:33.017081-04:00,temp_full,ORA-01652,
2026-10-09T04:53:28.054123-04:00,temp_full,ORA-01652,
2026-10-09T05:46:47.184084-04:00,snapshot_too_old,ORA-01555,
2026-10-09T07:35:20.127352-04:00,client_disconnect,ORA-00609,
2026-10-09T12:14:21.333674-04:00,deadlock,ORA-00060,
2026-10-09T13:41:38.949043-04:00,tablespace_full_table,ORA-01653,
2026-10-09T13:51:57.330266-04:00,tablespace_full_table,ORA-01653,
2026-10-09T13:53:25.434454-04:00,tablespace_full_table,ORA-01653,
2026-10-09T13:56:16.708432-04:00,tablespace_full_table,ORA-01653,
2026-10-09T14:06:19.086826-04:00,tablespace_full_table,ORA-01653,
2026-10-09T14:07:38.472303-04:00,tablespace_full_table,ORA-01653,
2026-10-09T14:10:33.030099-04:00,tablespace_full_table,ORA-01653,
2026-10-09T14:13:36.065084-04:00,tablespace_full_table,ORA-01653,
2026-10-09T14:24:19.301053-04:00,tablespace_full_table,ORA-01653,
2026-10-09T14:32:07.992358-04:00,tablespace_full_table,ORA-01653,
2026-10-09T14:36:23.008706-04:00,tablespace_full_table,ORA-01653,
2026-10-09T14:43:25.629547-04:00,tablespace_full_table,ORA-01653,
2026-10-09T14:47:30.629315-04:00,tablespace_full_table,ORA-01653,
2026-10-09T14:50:42.093119-04:00,tablespace_full_table,ORA-01653,
2026-10-09T14:58:38.963221-04:00,tablespace_full_table,ORA-01653,
2026-10-09T14:59:51.839452-04:00,tablespace_full_table,ORA-01653,
2026-10-09T15:08:42.415164-04:00,tablespace_full_table,ORA-01653,
2026-10-09T15:18:18.548376-04:00,tablespace_full_table,ORA-01653,
2026-10-09T15:34:25.182664-04:00,standby_network,ORA-12537,
2026-10-09T15:57:57.854017-04:00,standby_network,ORA-12537,
2026-10-09T18:56:49.670718-04:00,deadlock,ORA-00060,
2026-10-09T19:30:00.190926-04:00,deadlock,ORA-00060,
2026-10-09T19:45:35.852227-04:00,internal_error,ORA-07445,
2026-10-10T02:34:15.862520-04:00,temp_full,ORA-01652,
2026-10-10T02:37:35.225702-04:00,temp_full,ORA-01652,
2026-10-10T02:40:36.661015-04:00,temp_full,ORA-01652,
2026-10-10T02:48:03.710213-04:00,temp_full,ORA-01652,
2026-10-10T03:17:29.961713-04:00,temp_full,ORA-01652,
2026-10-10T03:21:55.660646-04:00,temp_full,ORA-01652,
2026-10-10T03:24:47.838664-04:00,temp_full,ORA-01652,
2026-10-10T04:43:16.416656-04:00,temp_full,ORA-01652,
2026-10-10T09:00:36.360491-04:00,client_disconnect,ORA-00609,
2026-10-11T02:07:18.560605-04:00,recovery_area_full,ORA-19809,ORA-19804
2026-10-11T02:12:56.270866-04:00,recovery_area_full,ORA-16038,ORA-19809 ORA-00312
2026-10-11T02:13:19.744604-04:00,recovery_area_full,ORA-00257,
2026-10-11T02:20:59.115362-04:00,recovery_area_full,ORA-16038,ORA-19809 ORA-00312
2026-10-11T02:21:21.689940-04:00,recovery_area_full,ORA-00257,
2026-10-11T02:24:44.527398-04:00,recovery_area_full,ORA-16038,ORA-19809 ORA-00312
2026-10-11T02:31:06.464534-04:00,recovery_area_full,ORA-16038,ORA-19809 ORA-00312
2026-10-11T02:31:53.859514-04:00,recovery_area_full,ORA-00257,
2026-10-11T02:38:01.337099-04:00,recovery_area_full,ORA-16038,ORA-19809 ORA-00312
2026-10-11T02:38:25.930422-04:00,recovery_area_full,ORA-00257,
2026-10-11T02:46:20.757465-04:00,recovery_area_full,ORA-16038,ORA-19809 ORA-00312
2026-10-11T02:46:44.260290-04:00,recovery_area_full,ORA-00257,
2026-10-11T02:50:02.825341-04:00,recovery_area_full,ORA-16038,ORA-19809 ORA-00312
2026-10-11T02:56:33.846091-04:00,recovery_area_full,ORA-16038,ORA-19809 ORA-00312
2026-10-11T03:02:23.058999-04:00,recovery_area_full,ORA-16038,ORA-19809 ORA-00312
2026-10-11T03:03:11.410581-04:00,recovery_area_full,ORA-00257,
2026-10-11T03:07:10.319766-04:00,recovery_area_full,ORA-16038,ORA-19809 ORA-00312
2026-10-11T03:10:25.657128-04:00,temp_full,ORA-01652,
2026-10-11T03:11:04.753346-04:00,recovery_area_full,ORA-16038,ORA-19809 ORA-00312
2026-10-11T03:11:46.493980-04:00,recovery_area_full,ORA-00257,
2026-10-11T03:19:59.887233-04:00,recovery_area_full,ORA-16038,ORA-19809 ORA-00312
2026-10-11T03:20:50.553831-04:00,recovery_area_full,ORA-00257,
2026-10-11T03:23:29.177967-04:00,recovery_area_full,ORA-16038,ORA-19809 ORA-00312
2026-10-11T03:27:33.151236-04:00,recovery_area_full,ORA-16038,ORA-19809 ORA-00312
2026-10-11T03:28:05.705469-04:00,recovery_area_full,ORA-00257,
2026-10-11T03:35:06.692292-04:00,recovery_area_full,ORA-16038,ORA-19809 ORA-00312
2026-10-11T03:35:22.338850-04:00,recovery_area_full,ORA-00257,
2026-10-11T03:42:41.492715-04:00,recovery_area_full,ORA-16038,ORA-19809 ORA-00312
2026-10-11T03:43:13.850665-04:00,recovery_area_full,ORA-00257,
2026-10-11T12:33:29.841339-04:00,client_disconnect,ORA-00609,
2026-10-11T15:22:39.802658-04:00,client_disconnect,ORA-00609,
2026-10-11T17:59:42.172892-04:00,standby_network,ORA-12170,
2026-10-12T10:23:05.308463-04:00,tablespace_full_index,ORA-01654,
2026-10-12T10:29:04.023058-04:00,tablespace_full_index,ORA-01654,
2026-10-12T10:34:37.219674-04:00,tablespace_full_index,ORA-01654,
2026-10-12T10:43:51.135937-04:00,tablespace_full_index,ORA-01654,
2026-10-12T10:52:33.984608-04:00,tablespace_full_index,ORA-01654,
2026-10-12T11:01:40.201773-04:00,tablespace_full_index,ORA-01654,
2026-10-12T11:05:03.639037-04:00,tablespace_full_index,ORA-01654,
2026-10-12T12:32:19.004548-04:00,client_disconnect,ORA-00609,
2026-10-12T13:52:46.406224-04:00,internal_error,ORA-00600,
2026-10-13T07:30:00.685672-04:00,client_disconnect,ORA-00609,
2026-10-13T09:44:31.155852-04:00,client_disconnect,ORA-00609,
2026-10-13T11:16:02.476728-04:00,standby_network,ORA-12537,
2026-10-13T16:52:57.546699-04:00,standby_network,ORA-12170,
2026-10-14T04:33:43.786609-04:00,snapshot_too_old,ORA-01555,
2026-10-14T14:18:36.275617-04:00,deadlock,ORA-00060,
2026-10-15T02:11:27.508876-04:00,snapshot_too_old,ORA-01555,
2026-10-15T04:09:25.384945-04:00,snapshot_too_old,ORA-01555,
2026-10-15T10:09:25.930631-04:00,client_disconnect,ORA-00609,
2026-10-15T12:46:39.905610-04:00,client_disconnect,ORA-00609,
2026-10-16T05:17:25.592282-04:00,temp_full,ORA-01652,
2026-10-16T05:22:02.953191-04:00,temp_full,ORA-01652,
2026-10-16T07:30:00.242128-04:00,deadlock,ORA-00060,
2026-10-16T09:00:29.906265-04:00,client_disconnect,ORA-00609,
2026-10-16T10:17:43.692165-04:00,client_disconnect,ORA-00609,
2026-10-16T10:49:54.376712-04:00,deadlock,ORA-00060,
2026-10-16T10:58:53.092296-04:00,tablespace_full_table,ORA-01653,
2026-10-16T11:01:56.515709-04:00,tablespace_full_table,ORA-01653,
2026-10-16T11:09:06.111785-04:00,tablespace_full_table,ORA-01653,
2026-10-16T11:10:32.645578-04:00,tablespace_full_table,ORA-01653,
2026-10-16T11:15:13.262348-04:00,tablespace_full_table,ORA-01653,
2026-10-16T11:17:56.822815-04:00,tablespace_full_table,ORA-01653,
2026-10-16T11:22:48.684910-04:00,tablespace_full_table,ORA-01653,
2026-10-16T11:26:24.552322-04:00,tablespace_full_table,ORA-01653,
2026-10-16T11:36:20.382527-04:00,tablespace_full_table,ORA-01653,
2026-10-16T11:47:01.029331-04:00,tablespace_full_table,ORA-01653,
2026-10-16T11:54:06.535844-04:00,tablespace_full_table,ORA-01653,
2026-10-16T11:56:47.115545-04:00,tablespace_full_table,ORA-01653,
2026-10-16T11:59:17.419522-04:00,tablespace_full_table,ORA-01653,
2026-10-16T12:06:01.334724-04:00,tablespace_full_table,ORA-01653,
2026-10-16T12:16:36.913972-04:00,tablespace_full_table,ORA-01653,
2026-10-16T12:22:12.275668-04:00,tablespace_full_table,ORA-01653,
2026-10-16T12:27:54.536323-04:00,tablespace_full_table,ORA-01653,
2026-10-16T12:35:33.694434-04:00,tablespace_full_table,ORA-01653,
2026-10-16T12:38:00.240776-04:00,tablespace_full_table,ORA-01653,
2026-10-17T06:49:20.477456-04:00,redo_member_missing,ORA-00312,ORA-27037
2026-10-17T18:11:42.884274-04:00,standby_network,ORA-12537,
2026-10-18T05:10:45.690995-04:00,temp_full,ORA-01652,
2026-10-18T08:44:50.139164-04:00,client_disconnect,ORA-00609,
2026-10-18T13:38:53.355193-04:00,deadlock,ORA-00060,
2026-10-18T14:37:43.465198-04:00,deadlock,ORA-00060,
2026-10-18T16:06:16.541218-04:00,client_disconnect,ORA-00609,
2026-10-18T16:31:16.806859-04:00,client_disconnect,ORA-00609,
2026-10-19T04:09:54.725846-04:00,snapshot_too_old,ORA-01555,
2026-10-19T04:16:50.515959-04:00,standby_network,ORA-12537,
2026-10-19T13:56:37.359502-04:00,client_disconnect,ORA-00609,
2026-10-19T15:55:55.640140-04:00,tablespace_full_index,ORA-01654,
2026-10-19T16:07:01.258969-04:00,tablespace_full_index,ORA-01654,
2026-10-19T16:10:59.590715-04:00,tablespace_full_index,ORA-01654,
2026-10-19T16:19:11.673041-04:00,tablespace_full_index,ORA-01654,
2026-10-19T16:28:41.722746-04:00,tablespace_full_index,ORA-01654,
2026-10-19T16:37:46.924009-04:00,tablespace_full_index,ORA-01654,
2026-10-19T16:40:55.477675-04:00,tablespace_full_index,ORA-01654,
2026-10-19T16:49:30.679221-04:00,tablespace_full_index,ORA-01654,
2026-10-19T16:56:31.783907-04:00,tablespace_full_index,ORA-01654,
2026-10-19T17:06:41.121315-04:00,tablespace_full_index,ORA-01654,
2026-10-19T17:08:45.890070-04:00,tablespace_full_index,ORA-01654,
2026-10-19T17:14:40.253606-04:00,tablespace_full_index,ORA-01654,
2026-10-20T12:05:46.446376-04:00,standby_network,ORA-12170,
2026-10-20T14:54:03.179517-04:00,client_disconnect,ORA-00609,
2026-10-21T02:50:46.950841-04:00,tablespace_full_partition,ORA-01688,
2026-10-21T02:59:20.006327-04:00,tablespace_full_partition,ORA-01688,
2026-10-21T03:01:39.267581-04:00,tablespace_full_partition,ORA-01688,
2026-10-21T03:13:35.638313-04:00,tablespace_full_partition,ORA-01688,
2026-10-21T03:22:47.587434-04:00,tablespace_full_partition,ORA-01688,
2026-10-21T03:30:01.021339-04:00,tablespace_full_partition,ORA-01688,
2026-10-21T03:38:33.923339-04:00,tablespace_full_partition,ORA-01688,
2026-10-21T03:40:52.759102-04:00,tablespace_full_partition,ORA-01688,
2026-10-21T03:48:11.835332-04:00,tablespace_full_partition,ORA-01688,
2026-10-21T06:59:49.538828-04:00,process_memory,ORA-04030,
2026-10-21T07:56:52.872712-04:00,client_disconnect,ORA-00609,
2026-10-21T11:20:19.208936-04:00,client_disconnect,ORA-00609,
2026-10-22T13:11:47.353200-04:00,shared_pool_exhausted,ORA-04031,
2026-10-22T17:03:43.904616-04:00,deadlock,ORA-00060,
2026-10-23T01:03:40.282400-04:00,job_failure,ORA-12012,ORA-01013 ORA-06512
2026-10-23T11:43:35.094002-04:00,tablespace_full_table,ORA-01653,
2026-10-23T11:48:04.883434-04:00,tablespace_full_table,ORA-01653,
2026-10-23T11:50:38.343146-04:00,tablespace_full_table,ORA-01653,
2026-10-23T11:52:07.685146-04:00,tablespace_full_table,ORA-01653,
2026-10-23T12:02:43.254344-04:00,tablespace_full_table,ORA-01653,
2026-10-23T12:07:40.757721-04:00,tablespace_full_table,ORA-01653,
2026-10-23T12:18:36.946924-04:00,tablespace_full_table,ORA-01653,
2026-10-23T12:28:44.375162-04:00,tablespace_full_table,ORA-01653,
2026-10-23T12:33:10.750756-04:00,tablespace_full_table,ORA-01653,
2026-10-23T12:42:17.554354-04:00,tablespace_full_table,ORA-01653,
2026-10-23T12:53:44.681514-04:00,tablespace_full_table,ORA-01653,
2026-10-23T13:04:53.706888-04:00,tablespace_full_table,ORA-01653,
2026-10-23T13:10:43.418868-04:00,tablespace_full_table,ORA-01653,
2026-10-23T13:12:19.314963-04:00,tablespace_full_table,ORA-01653,
2026-10-23T13:18:30.380985-04:00,tablespace_full_table,ORA-01653,
2026-10-23T13:24:38.887063-04:00,tablespace_full_table,ORA-01653,
2026-10-23T16:12:04.649758-04:00,tablespace_full_table,ORA-01653,
2026-10-23T16:17:16.122735-04:00,tablespace_full_table,ORA-01653,
2026-10-23T16:22:20.256788-04:00,tablespace_full_table,ORA-01653,
2026-10-23T18:23:48.965123-04:00,io_error,ORA-27072,ORA-01110
2026-10-24T05:00:53.869742-04:00,tablespace_full_partition,ORA-01688,
2026-10-24T05:11:03.683499-04:00,tablespace_full_partition,ORA-01688,
2026-10-24T05:12:09.419260-04:00,tablespace_full_partition,ORA-01688,
2026-10-24T05:21:00.061553-04:00,tablespace_full_partition,ORA-01688,
2026-10-24T05:27:26.960617-04:00,tablespace_full_partition,ORA-01688,
2026-10-24T05:36:28.886490-04:00,tablespace_full_partition,ORA-01688,
2026-10-24T09:21:54.437110-04:00,standby_network,ORA-03113,
2026-10-24T12:20:13.648543-04:00,client_disconnect,ORA-00609,
2026-10-24T13:38:22.699459-04:00,deadlock,ORA-00060,
2026-10-24T14:26:39.883390-04:00,standby_network,ORA-12170,
2026-10-25T01:52:31.749051-04:00,temp_full,ORA-01652,
2026-10-25T01:54:43.743083-04:00,temp_full,ORA-01652,
2026-10-25T01:55:45.065771-04:00,temp_full,ORA-01652,
2026-10-25T02:00:59.527886-04:00,temp_full,ORA-01652,
2026-10-25T02:09:20.048957-04:00,temp_full,ORA-01652,
2026-10-25T13:34:58.872655-04:00,client_disconnect,ORA-00609,
2026-10-25T16:38:07.933567-04:00,client_disconnect,ORA-00609,
2026-10-25T22:44:17.767260-04:00,standby_network,ORA-12170,
2026-10-26T02:55:12.543471-04:00,standby_network,ORA-12537,
2026-10-26T05:08:01.820251-04:00,undo_full,ORA-30036,
2026-10-26T11:35:15.948444-04:00,client_disconnect,ORA-00609,
2026-10-26T19:30:00.294394-04:00,client_disconnect,ORA-00609,
2026-10-27T00:35:58.821169-04:00,snapshot_too_old,ORA-01555,
2026-10-27T05:46:56.328282-04:00,snapshot_too_old,ORA-01555,
2026-10-27T08:41:29.473066-04:00,client_disconnect,ORA-00609,
2026-10-27T11:21:26.823507-04:00,deadlock,ORA-00060,
2026-10-28T01:10:21.871598-04:00,undo_full,ORA-30036,
2026-10-28T04:39:11.247789-04:00,undo_full,ORA-30036,
2026-10-28T16:02:37.240134-04:00,client_disconnect,ORA-00609,
2026-10-28T16:22:13.020773-04:00,deadlock,ORA-00060,
2026-10-29T00:23:32.722049-04:00,temp_full,ORA-01652,
2026-10-29T00:24:36.224128-04:00,temp_full,ORA-01652,
2026-10-29T00:30:54.023540-04:00,temp_full,ORA-01652,
2026-10-29T08:05:40.710828-04:00,standby_network,ORA-12537,
2026-10-29T13:30:02.199080-04:00,client_disconnect,ORA-00609,
2026-10-29T18:15:48.772714-04:00,client_disconnect,ORA-00609,
2026-10-29T19:26:12.889265-04:00,process_memory,ORA-04030,
2026-10-30T05:21:16.990842-04:00,undo_full,ORA-30036,
2026-10-30T12:56:00.803643-04:00,standby_network,ORA-03113,
